{
  "coeffs": [
    [
      1.414108375993834,
      -0.9967030593922641,
      1.414108375993834,
      -0.974774025826279,
      0.9762391411082697,
      -0.3828673706843179,
      -0.7713920608273126,
      -0.7713920608273126,
      0.004117616687065942,
      -0.6512870340052047,
      -0.2040210978563601,
      1.6263580553512222,
      -0.2877324505632176,
      -0.9578652088839466,
      1.175171566431939,
      -0.4410133219020277,
      1.414108375993834,
      -0.7390130109349445,
      1.6263580553512222,
      -0.32126621613310913
    ],
    [
      -0.3731243279823986,
      -0.9498503498822041,
      -0.3731243279823986,
      -0.8762394349340731,
      -0.4905360689977447,
      -0.5954273254745536,
      0.9727450390488127,
      0.9727450390488127,
      -0.9882011772462358,
      1.3117250701243934,
      -1.0001233137399732,
      -0.412489178891816,
      0.3734044542075544,
      0.5772303597704792,
      -0.5403056974990703,
      0.3948579683015879,
      -0.3731243279823986,
      0.9228077340515289,
      -0.412489178891816,
      0.5862227292605766
    ],
    [
      -0.37471405095744775,
      -0.9530253997202106,
      -0.37471405095744775,
      -0.8784676879103523,
      -0.48953101793049103,
      1.4141547441817324,
      0.6246656854904125,
      0.6246656854904125,
      -0.990532018512591,
      0.4005412800719946,
      -1.0032167209899259,
      -0.4133132824953478,
      0.34111163905468544,
      1.4214689901159439,
      -0.5415967689089796,
      0.3460386265165302,
      -0.37471405095744775,
      0.6949948317589973,
      -0.4133132824953478,
      0.1686963216760774
    ],
    [
      -0.8243617751175936,
      0.8449479911541066,
      -0.8243617751175936,
      0.7988766175115751,
      -0.5846378730303442,
      -0.6292547497794887,
      -1.1393025098015166,
      -1.1393025098015166,
      0.08966333946494233,
      -1.0329959615400222,
      0.2311702921095849,
      -0.9337471545097168,
      -0.4384393018074049,
      -1.4520186986988894,
      -0.7246244387685319,
      -0.6341219794465192,
      -0.8243617751175936,
      -1.131991405761721,
      -0.9337471545097168,
      -0.4818929039769671
    ]
  ],
  "config": {
    "data_augmentation_config": {
      "add_builtin_entities_examples": false,
      "max_unknown_words": null,
      "min_utterances": 20,
      "noise_factor": 5,
      "unknown_word_prob": 0.0,
      "unknown_words_replacement_string": null
    },
    "featurizer_config": {
      "added_cooccurrence_feature_ratio": 0.0,
      "cooccurrence_vectorizer_config": {
        "filter_stop_words": true,
        "keep_order": true,
        "unit_name": "cooccurrence_vectorizer",
        "unknown_words_replacement_string": null,
        "window_size": null
      },
      "pvalue_threshold": 0.4,
      "tfidf_vectorizer_config": {
        "unit_name": "tfidf_vectorizer",
        "use_stemming": true,
        "word_clusters_name": null
      },
      "unit_name": "featurizer"
    },
    "noise_reweight_factor": 1,
    "unit_name": "log_reg_intent_classifier"
  },
  "featurizer": "featurizer",
  "intent_list": [
    "intentslug1",
    "intentslug2",
    "intentslug3",
    null
  ],
  "intercept": [
    -1.0130300703092279,
    -1.0415799607784315,
    -1.032928911213022,
    0.18258012346242772
  ],
  "t_": 7201.0
}