{
  "coeffs": [
    [
      1.4136711507287172,
      -0.9960772120274861,
      1.4136711507287172,
      -0.9742731837270449,
      0.9770763143806556,
      -0.3821731136643102,
      -0.7569023736554326,
      -0.7569023736554326,
      0.005475061637650541,
      -0.6880237368465619,
      -0.20364264792161352,
      1.62722873762635,
      -0.28945306090238115,
      -0.9456113642959914,
      1.1762902289722625,
      -0.4173402904315536,
      1.4136711507287172,
      -0.7721018927294158,
      1.62722873762635,
      -0.3221314061423576
    ],
    [
      -0.3683107366287471,
      -0.9363410264564758,
      -0.3683107366287471,
      -0.8632535398776608,
      -0.48242605976888164,
      -0.5923365462996292,
      1.023434702629576,
      1.023434702629576,
      -0.9743445310282673,
      1.2407326625425896,
      -0.9860540287168917,
      -0.4067827884596479,
      0.3450333363532808,
      0.622012455005143,
      -0.5326679483521274,
      0.5024329986369767,
      -0.3683107366287471,
      0.8342916896803045,
      -0.4067827884596479,
      0.5523407649012958
    ],
    [
      -0.38066063251525883,
      -0.9694954742044033,
      -0.38066063251525883,
      -0.894204816881567,
      -0.4968213751338171,
      1.4098600378237203,
      0.5479527539741492,
      0.5479527539741492,
      -1.0075737341172806,
      0.5387705022098863,
      -1.0204129516949816,
      -0.42039478721381823,
      0.37268420313159073,
      1.3554182612002006,
      -0.5513534922059838,
      0.1939403926198105,
      -0.38066063251525883,
      0.8570306962432503,
      -0.42039478721381823,
      0.2011120478664356
    ],
    [
      -0.8239237922933004,
      0.8453822114914139,
      -0.8239237922933004,
      0.7994881983774653,
      -0.5833587904597475,
      -0.6287074122237801,
      -1.1209806536777926,
      -1.1209806536777926,
      0.08956412366601908,
      -1.0808288697244655,
      0.23208790192558404,
      -0.9336181408283862,
      -0.44084348204701773,
      -1.4375821891067608,
      -0.72492587527381,
      -0.6025861996289668,
      -0.8239237922933004,
      -1.178720405111609,
      -0.9336181408283862,
      -0.4833314236384933
    ]
  ],
  "config": {
    "data_augmentation_config": {
      "add_builtin_entities_examples": false,
      "max_unknown_words": null,
      "min_utterances": 20,
      "noise_factor": 5,
      "unknown_word_prob": 0.0,
      "unknown_words_replacement_string": null
    },
    "featurizer_config": {
      "added_cooccurrence_feature_ratio": 0.0,
      "cooccurrence_vectorizer_config": {
        "filter_stop_words": true,
        "keep_order": true,
        "unit_name": "cooccurrence_vectorizer",
        "unknown_words_replacement_string": null,
        "window_size": null
      },
      "pvalue_threshold": 0.4,
      "tfidf_vectorizer_config": {
        "unit_name": "tfidf_vectorizer",
        "use_stemming": true,
        "word_clusters_name": null
      },
      "unit_name": "featurizer"
    },
    "noise_reweight_factor": 1,
    "unit_name": "log_reg_intent_classifier"
  },
  "featurizer": "featurizer",
  "intent_list": [
    "intentslug1",
    "intentslug2",
    "intentslug3",
    null
  ],
  "intercept": [
    -1.0143372227314331,
    -1.0710023132454312,
    -0.9975347703013707,
    0.1815599968056349
  ],
  "t_": 6721.0
}