{
  "builtin_entity_scope": [],
  "config": {
    "unit_name": "tfidf_vectorizer",
    "use_stemming": true,
    "word_clusters_name": null
  },
  "language_code": "fr",
  "vectorizer": {
    "idf_diag": [
      5.290459441148391,
      2.725510083686854,
      5.983606621708336,
      5.290459441148391,
      5.578141513600172,
      3.681021528714291,
      5.760463070394127,
      5.423990833772914,
      4.804951625366691,
      5.290459441148391,
      4.037696472653023,
      4.661850781726017,
      5.578141513600172,
      2.2700345550040284,
      5.423990833772914,
      5.290459441148391,
      4.425462003661787,
      5.983606621708336,
      5.578141513600172,
      5.172676405492008,
      5.290459441148391,
      5.290459441148391,
      3.8145529213388136,
      5.423990833772914,
      4.002605152841753,
      1.8976303091567526,
      5.290459441148391,
      2.32004497557869,
      5.760463070394127,
      4.5973122605884456,
      5.578141513600172,
      5.760463070394127,
      5.760463070394127,
      4.2344067668990775,
      3.2267662564366946,
      5.172676405492008,
      3.19551371293259,
      3.19551371293259,
      5.760463070394127,
      5.983606621708336,
      6.271288694160117,
      4.002605152841753,
      4.884994333040227,
      5.760463070394127,
      2.09178632359771,
      4.536687638772011,
      2.9155536865747194,
      5.423990833772914,
      4.5973122605884456,
      6.271288694160117,
      4.9720057100298565,
      4.5973122605884456,
      5.290459441148391,
      5.578141513600172,
      4.479529224932062,
      5.290459441148391,
      4.074064116823898,
      4.9720057100298565,
      4.5973122605884456,
      3.4380753501039014,
      5.578141513600172,
      5.983606621708336,
      5.067315889834181,
      5.290459441148391,
      5.760463070394127,
      5.983606621708336,
      5.760463070394127,
      4.002605152841753,
      5.760463070394127,
      5.067315889834181,
      5.983606621708336,
      5.423990833772914,
      5.760463070394127,
      4.1118044448067455,
      3.9687036011660717,
      3.873393421361747,
      5.983606621708336,
      5.423990833772914,
      5.760463070394127,
      3.2923635389225074,
      3.2923635389225074,
      3.5632384930579075,
      2.744928169543956,
      3.9687036011660717,
      3.9687036011660717,
      4.2344067668990775,
      3.026095560974543
    ],
    "vocab": {
      "!": 0,
      "?": 1,
      "achet": 2,
      "actuel": 3,
      "agenc": 4,
      "aid": 5,
      "ami": 6,
      "api": 7,
      "apl": 8,
      "aplclientdeplurialnovilia": 9,
      "au": 10,
      "aux": 11,
      "avancement": 12,
      "avoir": 13,
      "benefici": 14,
      "c": 15,
      "ca": 16,
      "caf": 17,
      "cherch": 18,
      "chez": 19,
      "client": 20,
      "clientapl": 21,
      "comment": 22,
      "consult": 23,
      "d": 24,
      "de": 25,
      "deja": 26,
      "demand": 27,
      "docu": 28,
      "dossi": 29,
      "droit": 30,
      "eligible": 31,
      "envoi": 32,
      "et": 33,
      "fair": 34,
      "fonction": 35,
      "formlogement": 36,
      "formlogement_5fa115835edc98eb094fbfcc": 37,
      "fourn": 38,
      "inform": 39,
      "infos": 40,
      "les": 41,
      "locat": 42,
      "locatifs": 43,
      "log": 44,
      "m": 45,
      "ma": 46,
      "maison": 47,
      "naitr": 48,
      "neuf": 49,
      "noclientapl": 50,
      "nouvel": 51,
      "nouvelledemandelogementpourclient": 52,
      "novilia": 53,
      "ou": 54,
      "parl": 55,
      "pas": 56,
      "pasplurialnoviliapourapl": 57,
      "plurial": 58,
      "pour": 59,
      "precaire": 60,
      "promot": 61,
      "propos": 62,
      "recherch": 63,
      "reconduir": 64,
      "refair": 65,
      "reiter": 66,
      "renouvel": 67,
      "result": 68,
      "sa": 69,
      "saint": 70,
      "situat": 71,
      "statut": 72,
      "suivr": 73,
      "sur": 74,
      "tair": 75,
      "trac": 76,
      "trait": 77,
      "typ": 78,
      "typelogement": 79,
      "typelogement_5fa11583c47f11fbde45689c": 80,
      "un": 81,
      "une": 82,
      "villefrance": 83,
      "villefrance_5fa11583df0c4905a4a57f80": 84,
      "vos": 85,
      "vouloir": 86
    }
  }
}