{
  "coeffs": [
    [
      1.4121968459593532,
      -0.9984831301201011,
      1.4121968459593532,
      -0.976557773687011,
      0.975158989527013,
      -0.31457260207445475,
      -0.7906189493361988,
      -0.7906189493361988,
      0.0020535433210039293,
      -0.6525692277371262,
      -0.20701181510195177,
      1.6256440677242774,
      -0.2885682614647649,
      -0.9371933036802009,
      1.1740935341522516,
      -0.4417987434067159,
      1.4121968459593532,
      -0.7404100833753907,
      1.6256440677242774,
      -0.3517282501990348
    ],
    [
      -0.3686239537799361,
      -0.9371528908785033,
      -0.3686239537799361,
      -0.8640163263230645,
      -0.4828404425624607,
      -0.4823912901683178,
      0.9288002382490542,
      0.9288002382490542,
      -0.9751875294822216,
      1.3206880070871103,
      -0.9868985444626356,
      -0.4071224344261275,
      0.4011762476011868,
      0.6263703560347823,
      -0.5331359543751889,
      0.43307906492269144,
      -0.3686239537799361,
      0.93960283946672,
      -0.4071224344261275,
      0.4537557723900358
    ],
    [
      -0.37873518736779777,
      -0.9643922236707481,
      -0.37873518736779777,
      -0.8893853364561413,
      -0.4942562873964267,
      1.2234426758275652,
      0.6861663036386706,
      0.6861663036386706,
      -1.0023515446836964,
      0.39649676364927006,
      -1.0151140011133233,
      -0.41831136799678603,
      0.31112272502754895,
      1.3428650389171237,
      -0.5483619715824788,
      0.3040512482833269,
      -0.37873518736779777,
      0.6699698956257124,
      -0.41831136799678603,
      0.3396680501597942
    ],
    [
      -0.8242005097153191,
      0.8450254412497744,
      -0.8242005097153191,
      0.7991627666325943,
      -0.5836768638884514,
      -0.5253241995445691,
      -1.1645744341289206,
      -1.1645744341289206,
      0.08902890184065715,
      -1.0329228364715983,
      0.23158002110228285,
      -0.9339286937100256,
      -0.4394337498065103,
      -1.4149962446917523,
      -0.7252647231995997,
      -0.6340442963312197,
      -0.8242005097153191,
      -1.1320079180478062,
      -0.9339286937100256,
      -0.5238439772911531
    ]
  ],
  "config": {
    "data_augmentation_config": {
      "add_builtin_entities_examples": false,
      "max_unknown_words": null,
      "min_utterances": 20,
      "noise_factor": 5,
      "unknown_word_prob": 0.0,
      "unknown_words_replacement_string": null
    },
    "featurizer_config": {
      "added_cooccurrence_feature_ratio": 0.0,
      "cooccurrence_vectorizer_config": {
        "filter_stop_words": true,
        "keep_order": true,
        "unit_name": "cooccurrence_vectorizer",
        "unknown_words_replacement_string": null,
        "window_size": null
      },
      "pvalue_threshold": 0.4,
      "tfidf_vectorizer_config": {
        "unit_name": "tfidf_vectorizer",
        "use_stemming": true,
        "word_clusters_name": null
      },
      "unit_name": "featurizer"
    },
    "noise_reweight_factor": 1,
    "unit_name": "log_reg_intent_classifier"
  },
  "featurizer": "featurizer",
  "intent_list": [
    "intentslug1",
    "intentslug2",
    "intentslug3",
    null
  ],
  "intercept": [
    -1.0088674774469226,
    -1.0689383142318545,
    -1.0093219196366277,
    0.1829874171319806
  ],
  "t_": 6721.0
}