{
  "coeffs": [
    [
      1.3732462257466567,
      -0.9665295906357364,
      1.3732462257466567,
      -0.91758436305441,
      0.7908521008165865,
      -0.3672032272373188,
      -0.7264820294010018,
      -0.7264820294010018,
      0.07088639991862127,
      -0.6998980998822483,
      -0.17086922477495115,
      1.5343511430161276,
      -0.2475020864996247,
      -0.9097377310611606,
      1.1248150547871425,
      -0.41697315811361013,
      1.3732462257466567,
      -0.7681822945555685,
      1.5343511430161276,
      -0.31410549651074
    ],
    [
      -0.35335769851047744,
      -0.8844787315940206,
      -0.35335769851047744,
      -0.8577262905752024,
      -0.5255743582060076,
      -0.5586140531119927,
      0.9469116873523612,
      0.9469116873523612,
      -0.9181839540470423,
      1.3092403600379097,
      -0.9537627319551788,
      -0.3995437388327985,
      0.5215683396989661,
      0.5641198953189968,
      -0.5184790405622098,
      0.26813392653196333,
      -0.35335769851047744,
      0.828380525407263,
      -0.3995437388327985,
      0.5439081534905666
    ],
    [
      -0.3611435740063354,
      -0.907087371155792,
      -0.3611435740063354,
      -0.879455353218288,
      -0.5395125236352629,
      1.3279741555377882,
      0.5557291042681403,
      0.5557291042681403,
      -0.9402922528884463,
      0.40992242468595913,
      -0.9774389808499643,
      -0.40856599458232695,
      0.09578182215212791,
      1.3234633604372823,
      -0.5315446195451838,
      0.4509909627230765,
      -0.3611435740063354,
      0.8175090711317934,
      -0.40856599458232695,
      0.17406505830634703
    ],
    [
      -0.7860849326653665,
      0.7974393793429209,
      -0.7860849326653665,
      0.7556730024540901,
      -0.489603685213928,
      -0.5902335858480988,
      -1.061890020764384,
      -1.061890020764384,
      0.033583274864353155,
      -1.0739866246888314,
      0.20227349559368832,
      -0.8737114198727547,
      -0.37358629095946116,
      -1.3618153401238093,
      -0.6843755753568039,
      -0.5947535103413929,
      -0.7860849326653665,
      -1.1521553776002678,
      -0.8737114198727547,
      -0.46522707378589584
    ]
  ],
  "config": {
    "data_augmentation_config": {
      "add_builtin_entities_examples": false,
      "max_unknown_words": null,
      "min_utterances": 20,
      "noise_factor": 5,
      "unknown_word_prob": 0.0,
      "unknown_words_replacement_string": null
    },
    "featurizer_config": {
      "added_cooccurrence_feature_ratio": 0.0,
      "cooccurrence_vectorizer_config": {
        "filter_stop_words": true,
        "keep_order": true,
        "unit_name": "cooccurrence_vectorizer",
        "unknown_words_replacement_string": null,
        "window_size": null
      },
      "pvalue_threshold": 0.4,
      "tfidf_vectorizer_config": {
        "unit_name": "tfidf_vectorizer",
        "use_stemming": true,
        "word_clusters_name": null
      },
      "unit_name": "featurizer"
    },
    "noise_reweight_factor": 1,
    "unit_name": "log_reg_intent_classifier"
  },
  "featurizer": "featurizer",
  "intent_list": [
    "intentslug1",
    "intentslug2",
    "intentslug3",
    null
  ],
  "intercept": [
    -0.9696157527143124,
    -1.022045445288607,
    -0.9702459488260261,
    0.16073677183510462
  ],
  "t_": 6721.0
}