{
  "builtin_entity_scope": [],
  "config": {
    "unit_name": "tfidf_vectorizer",
    "use_stemming": true,
    "word_clusters_name": null
  },
  "language_code": "fr",
  "vectorizer": {
    "idf_diag": [
      3.6835090921860925,
      3.5164550075229264,
      3.6835090921860925,
      3.5964977151964628,
      3.5164550075229264,
      4.695110003864572,
      2.714108534997989,
      2.714108534997989,
      3.1369653858180224,
      3.7788192719904172,
      3.0856720914304723,
      3.6835090921860925,
      4.13549421592915,
      2.615668462184736,
      3.5964977151964628,
      3.373354163882253,
      3.6835090921860925,
      3.248191020928247,
      3.6835090921860925,
      3.8841797876482436
    ],
    "vocab": {
      "appel": 0,
      "avoir": 1,
      "comment": 2,
      "de": 3,
      "devoir": 4,
      "entity2_6040eee6c43c7bf5a2b881c2entity2": 5,
      "entityfeatureentity": 6,
      "entityfeatureentity2": 7,
      "etre": 8,
      "here": 9,
      "je": 10,
      "nom": 11,
      "one": 12,
      "phras": 13,
      "quel": 14,
      "syno": 15,
      "t": 16,
      "test": 17,
      "ton": 18,
      "two": 19
    }
  }
}