{
  "coeffs": [
    [
      1.414111504265526,
      -0.9966977877824381,
      1.414111504265526,
      -0.974770003915649,
      0.9762393272294703,
      -0.38269805790696293,
      -0.7715210265720043,
      -0.7715210265720043,
      0.00412416751597008,
      -0.6512503115833077,
      -0.20401454419293483,
      1.6263553770363077,
      -0.28824429748020713,
      -0.9578888790110025,
      1.1751828084514855,
      -0.44102921148937885,
      1.414111504265526,
      -0.7385205753840239,
      1.6263553770363077,
      -0.3209397789668277
    ],
    [
      -0.36543576471078304,
      -0.9290439213865818,
      -0.36543576471078304,
      -0.85629427991985,
      -0.4793630899814927,
      -0.5831398908626924,
      0.9922325446761643,
      0.9922325446761643,
      -0.966839615368656,
      1.3355162958050497,
      -0.9784318149991194,
      -0.4040225685373517,
      0.3828097426836665,
      0.6029583002160213,
      -0.5279817642612574,
      0.40465657063174676,
      -0.36543576471078304,
      0.9419362151487046,
      -0.4040225685373517,
      0.5938642292899315
    ],
    [
      -0.37994161837105017,
      -0.9670730382138427,
      -0.37994161837105017,
      -0.8918543305048653,
      -0.4964621610724301,
      1.403725529114659,
      0.6080507740470199,
      0.6080507740470199,
      -1.004840685360304,
      0.38285585863086385,
      -1.0178423371115792,
      -0.41894698204407865,
      0.33096237802584577,
      1.399560998038172,
      -0.5498273586057096,
      0.3402117966573341,
      -0.37994161837105017,
      0.6792849200727128,
      -0.41894698204407865,
      0.16124446425140998
    ],
    [
      -0.8245412586178251,
      0.8446532918922218,
      -0.8245412586178251,
      0.7986094999215131,
      -0.5848513624192069,
      -0.6297706153872634,
      -1.1397148395787282,
      -1.1397148395787282,
      0.08929091705718109,
      -1.0324597972395262,
      0.23079426028414024,
      -0.9339506243806952,
      -0.4387458235667826,
      -1.4527127327626108,
      -0.7248594527961747,
      -0.6343100454788694,
      -0.8245412586178251,
      -1.132307787591708,
      -0.9339506243806952,
      -0.48197338962489433
    ]
  ],
  "config": {
    "data_augmentation_config": {
      "add_builtin_entities_examples": false,
      "max_unknown_words": null,
      "min_utterances": 20,
      "noise_factor": 5,
      "unknown_word_prob": 0.0,
      "unknown_words_replacement_string": null
    },
    "featurizer_config": {
      "added_cooccurrence_feature_ratio": 0.0,
      "cooccurrence_vectorizer_config": {
        "filter_stop_words": true,
        "keep_order": true,
        "unit_name": "cooccurrence_vectorizer",
        "unknown_words_replacement_string": null,
        "window_size": null
      },
      "pvalue_threshold": 0.4,
      "tfidf_vectorizer_config": {
        "unit_name": "tfidf_vectorizer",
        "use_stemming": true,
        "word_clusters_name": null
      },
      "unit_name": "featurizer"
    },
    "noise_reweight_factor": 1,
    "unit_name": "log_reg_intent_classifier"
  },
  "featurizer": "featurizer",
  "intent_list": [
    "intentslug1",
    "intentslug2",
    "intentslug3",
    null
  ],
  "intercept": [
    -1.0130387264696992,
    -1.0862932368788059,
    -1.003403388359212,
    0.1833355883300282
  ],
  "t_": 7681.0
}